,date,count
0,1998-06-02 21:23:14,10
1,1998-06-02 21:23:15,76
2,1998-06-02 21:23:16,85
3,1998-06-02 21:23:17,112
4,1998-06-02 21:23:18,104
5,1998-06-02 21:23:19,92
6,1998-06-02 21:23:20,110
7,1998-06-02 21:23:21,100
8,1998-06-02 21:23:22,102
9,1998-06-02 21:23:23,111
10,1998-06-02 21:23:24,110
11,1998-06-02 21:23:25,90
12,1998-06-02 21:23:26,92
13,1998-06-02 21:23:27,105
14,1998-06-02 21:23:28,89
15,1998-06-02 21:23:29,81
16,1998-06-02 21:23:30,86
17,1998-06-02 21:23:31,87
18,1998-06-02 21:23:32,59
19,1998-06-02 21:23:33,76
20,1998-06-02 21:23:34,68
21,1998-06-02 21:23:35,71
22,1998-06-02 21:23:36,68
23,1998-06-02 21:23:37,76
24,1998-06-02 21:23:38,73
25,1998-06-02 21:23:39,94
26,1998-06-02 21:23:40,93
27,1998-06-02 21:23:41,91
28,1998-06-02 21:23:42,84
29,1998-06-02 21:23:43,80
30,1998-06-02 21:23:44,83
31,1998-06-02 21:23:45,80
32,1998-06-02 21:23:46,93
33,1998-06-02 21:23:47,77
34,1998-06-02 21:23:48,72
35,1998-06-02 21:23:49,102
36,1998-06-02 21:23:50,83
37,1998-06-02 21:23:51,81
38,1998-06-02 21:23:52,58
39,1998-06-02 21:23:53,100
40,1998-06-02 21:23:54,80
41,1998-06-02 21:23:55,88
42,1998-06-02 21:23:56,73
43,1998-06-02 21:23:57,82
44,1998-06-02 21:23:58,85
45,1998-06-02 21:23:59,92
46,1998-06-02 21:24:00,98
47,1998-06-02 21:24:01,93
48,1998-06-02 21:24:02,87
49,1998-06-02 21:24:03,84
50,1998-06-02 21:24:04,85
51,1998-06-02 21:24:05,73
52,1998-06-02 21:24:06,74
53,1998-06-02 21:24:07,95
54,1998-06-02 21:24:08,85
55,1998-06-02 21:24:09,82
56,1998-06-02 21:24:10,70
57,1998-06-02 21:24:11,65
58,1998-06-02 21:24:12,75
59,1998-06-02 21:24:13,83
60,1998-06-02 21:24:14,67
61,1998-06-02 21:24:15,107
62,1998-06-02 21:24:16,81
63,1998-06-02 21:24:17,78
64,1998-06-02 21:24:18,99
65,1998-06-02 21:24:19,93
66,1998-06-02 21:24:20,97
67,1998-06-02 21:24:21,103
68,1998-06-02 21:24:22,87
69,1998-06-02 21:24:23,95
70,1998-06-02 21:24:24,94
71,1998-06-02 21:24:25,100
72,1998-06-02 21:24:26,86
73,1998-06-02 21:24:27,108
74,1998-06-02 21:24:28,103
75,1998-06-02 21:24:29,101
76,1998-06-02 21:24:30,86
77,1998-06-02 21:24:31,94
78,1998-06-02 21:24:32,115
79,1998-06-02 21:24:33,84
80,1998-06-02 21:24:34,92
81,1998-06-02 21:24:35,94
82,1998-06-02 21:24:36,116
83,1998-06-02 21:24:37,115
84,1998-06-02 21:24:38,100
85,1998-06-02 21:24:39,81
86,1998-06-02 21:24:40,104
87,1998-06-02 21:24:41,83
88,1998-06-02 21:24:42,108
89,1998-06-02 21:24:43,86
90,1998-06-02 21:24:44,86
91,1998-06-02 21:24:45,107
92,1998-06-02 21:24:46,112
93,1998-06-02 21:24:47,84
94,1998-06-02 21:24:48,93
95,1998-06-02 21:24:49,88
96,1998-06-02 21:24:50,85
97,1998-06-02 21:24:51,85
98,1998-06-02 21:24:52,80
99,1998-06-02 21:24:53,88
100,1998-06-02 21:24:54,99
101,1998-06-02 21:24:55,87
102,1998-06-02 21:24:56,111
103,1998-06-02 21:24:57,95
104,1998-06-02 21:24:58,89
105,1998-06-02 21:24:59,74
106,1998-06-02 21:25:00,71
107,1998-06-02 21:25:01,90
108,1998-06-02 21:25:02,81
109,1998-06-02 21:25:03,84
110,1998-06-02 21:25:04,98
111,1998-06-02 21:25:05,96
112,1998-06-02 21:25:06,78
113,1998-06-02 21:25:07,85
114,1998-06-02 21:25:08,79
115,1998-06-02 21:25:09,83
116,1998-06-02 21:25:10,71
117,1998-06-02 21:25:11,90
118,1998-06-02 21:25:12,90
119,1998-06-02 21:25:13,81
120,1998-06-02 21:25:14,96
121,1998-06-02 21:25:15,76
122,1998-06-02 21:25:16,79
123,1998-06-02 21:25:17,87
124,1998-06-02 21:25:18,92
125,1998-06-02 21:25:19,91
126,1998-06-02 21:25:20,75
127,1998-06-02 21:25:21,90
128,1998-06-02 21:25:22,116
129,1998-06-02 21:25:23,92
130,1998-06-02 21:25:24,97
131,1998-06-02 21:25:25,84
132,1998-06-02 21:25:26,98
133,1998-06-02 21:25:27,101
134,1998-06-02 21:25:28,101
135,1998-06-02 21:25:29,92
136,1998-06-02 21:25:30,92
137,1998-06-02 21:25:31,95
138,1998-06-02 21:25:32,102
139,1998-06-02 21:25:33,80
140,1998-06-02 21:25:34,86
141,1998-06-02 21:25:35,106
142,1998-06-02 21:25:36,109
143,1998-06-02 21:25:37,116
144,1998-06-02 21:25:38,96
145,1998-06-02 21:25:39,106
146,1998-06-02 21:25:40,122
147,1998-06-02 21:25:41,86
148,1998-06-02 21:25:42,96
149,1998-06-02 21:25:43,85
150,1998-06-02 21:25:44,118
151,1998-06-02 21:25:45,97
152,1998-06-02 21:25:46,92
153,1998-06-02 21:25:47,97
154,1998-06-02 21:25:48,95
155,1998-06-02 21:25:49,97
156,1998-06-02 21:25:50,95
157,1998-06-02 21:25:51,89
158,1998-06-02 21:25:52,91
159,1998-06-02 21:25:53,81
160,1998-06-02 21:25:54,110
161,1998-06-02 21:25:55,85
162,1998-06-02 21:25:56,77
163,1998-06-02 21:25:57,74
164,1998-06-02 21:25:58,96
165,1998-06-02 21:25:59,72
166,1998-06-02 21:26:00,98
167,1998-06-02 21:26:01,74
168,1998-06-02 21:26:02,85
169,1998-06-02 21:26:03,71
170,1998-06-02 21:26:04,84
171,1998-06-02 21:26:05,86
172,1998-06-02 21:26:06,79
173,1998-06-02 21:26:07,85
174,1998-06-02 21:26:08,78
175,1998-06-02 21:26:09,79
176,1998-06-02 21:26:10,88
177,1998-06-02 21:26:11,88
178,1998-06-02 21:26:12,75
179,1998-06-02 21:26:13,83
180,1998-06-02 21:26:14,92
181,1998-06-02 21:26:15,85
182,1998-06-02 21:26:16,77
183,1998-06-02 21:26:17,100
184,1998-06-02 21:26:18,91
185,1998-06-02 21:26:19,94
186,1998-06-02 21:26:20,96
187,1998-06-02 21:26:21,103
188,1998-06-02 21:26:22,95
189,1998-06-02 21:26:23,79
190,1998-06-02 21:26:24,82
191,1998-06-02 21:26:25,76
192,1998-06-02 21:26:26,69
193,1998-06-02 21:26:27,69
194,1998-06-02 21:26:28,67
195,1998-06-02 21:26:29,69
196,1998-06-02 21:26:30,101
197,1998-06-02 21:26:31,96
198,1998-06-02 21:26:32,82
199,1998-06-02 21:26:33,72
200,1998-06-02 21:26:34,86
201,1998-06-02 21:26:35,99
202,1998-06-02 21:26:36,84
203,1998-06-02 21:26:37,93
204,1998-06-02 21:26:38,81
205,1998-06-02 21:26:39,94
206,1998-06-02 21:26:40,82
207,1998-06-02 21:26:41,81
208,1998-06-02 21:26:42,90
209,1998-06-02 21:26:43,100
210,1998-06-02 21:26:44,112
211,1998-06-02 21:26:45,81
212,1998-06-02 21:26:46,81
213,1998-06-02 21:26:47,118
214,1998-06-02 21:26:48,98
215,1998-06-02 21:26:49,85
216,1998-06-02 21:26:50,99
217,1998-06-02 21:26:51,88
218,1998-06-02 21:26:52,87
219,1998-06-02 21:26:53,62
220,1998-06-02 21:26:54,69
221,1998-06-02 21:26:55,74
222,1998-06-02 21:26:56,81
223,1998-06-02 21:26:57,88
224,1998-06-02 21:26:58,93
225,1998-06-02 21:26:59,88
226,1998-06-02 21:27:00,60
227,1998-06-02 21:27:01,97
228,1998-06-02 21:27:02,77
229,1998-06-02 21:27:03,94
230,1998-06-02 21:27:04,81
231,1998-06-02 21:27:05,76
232,1998-06-02 21:27:06,67
233,1998-06-02 21:27:07,91
234,1998-06-02 21:27:08,89
235,1998-06-02 21:27:09,85
236,1998-06-02 21:27:10,89
237,1998-06-02 21:27:11,97
238,1998-06-02 21:27:12,89
239,1998-06-02 21:27:13,68
240,1998-06-02 21:27:14,88
241,1998-06-02 21:27:15,82
242,1998-06-02 21:27:16,87
243,1998-06-02 21:27:17,81
244,1998-06-02 21:27:18,79
245,1998-06-02 21:27:19,84
246,1998-06-02 21:27:20,83
247,1998-06-02 21:27:21,86
248,1998-06-02 21:27:22,79
249,1998-06-02 21:27:23,91
250,1998-06-02 21:27:24,84
251,1998-06-02 21:27:25,99
252,1998-06-02 21:27:26,89
253,1998-06-02 21:27:27,80
254,1998-06-02 21:27:28,67
255,1998-06-02 21:27:29,83
256,1998-06-02 21:27:30,86
257,1998-06-02 21:27:31,85
258,1998-06-02 21:27:32,71
259,1998-06-02 21:27:33,72
260,1998-06-02 21:27:34,89
261,1998-06-02 21:27:35,76
262,1998-06-02 21:27:36,80
263,1998-06-02 21:27:37,81
264,1998-06-02 21:27:38,87
265,1998-06-02 21:27:39,80
266,1998-06-02 21:27:40,81
267,1998-06-02 21:27:41,81
268,1998-06-02 21:27:42,85
269,1998-06-02 21:27:43,57
270,1998-06-02 21:27:44,71
271,1998-06-02 21:27:45,76
272,1998-06-02 21:27:46,84
273,1998-06-02 21:27:47,54
274,1998-06-02 21:27:48,85
275,1998-06-02 21:27:49,87
276,1998-06-02 21:27:50,69
277,1998-06-02 21:27:51,55
278,1998-06-02 21:27:52,75
279,1998-06-02 21:27:53,79
280,1998-06-02 21:27:54,77
281,1998-06-02 21:27:55,87
282,1998-06-02 21:27:56,72
283,1998-06-02 21:27:57,74
284,1998-06-02 21:27:58,75
285,1998-06-02 21:27:59,80
286,1998-06-02 21:28:00,72
287,1998-06-02 21:28:01,82
288,1998-06-02 21:28:02,73
289,1998-06-02 21:28:03,67
290,1998-06-02 21:28:04,71
291,1998-06-02 21:28:05,77
292,1998-06-02 21:28:06,73
293,1998-06-02 21:28:07,72
294,1998-06-02 21:28:08,66
295,1998-06-02 21:28:09,88
296,1998-06-02 21:28:10,94
297,1998-06-02 21:28:11,101
298,1998-06-02 21:28:12,82
299,1998-06-02 21:28:13,79
300,1998-06-02 21:28:14,90
301,1998-06-02 21:28:15,82
302,1998-06-02 21:28:16,85
303,1998-06-02 21:28:17,96
304,1998-06-02 21:28:18,76
305,1998-06-02 21:28:19,73
306,1998-06-02 21:28:20,79
307,1998-06-02 21:28:21,90
308,1998-06-02 21:28:22,73
309,1998-06-02 21:28:23,83
310,1998-06-02 21:28:24,81
311,1998-06-02 21:28:25,76
312,1998-06-02 21:28:26,83
313,1998-06-02 21:28:27,88
314,1998-06-02 21:28:28,101
315,1998-06-02 21:28:29,112
316,1998-06-02 21:28:30,101
317,1998-06-02 21:28:31,123
318,1998-06-02 21:28:32,107
319,1998-06-02 21:28:33,98
320,1998-06-02 21:28:34,91
321,1998-06-02 21:28:35,106
322,1998-06-02 21:28:36,99
323,1998-06-02 21:28:37,113
324,1998-06-02 21:28:38,87
325,1998-06-02 21:28:39,87
326,1998-06-02 21:28:40,107
327,1998-06-02 21:28:41,86
328,1998-06-02 21:28:42,85
329,1998-06-02 21:28:43,114
330,1998-06-02 21:28:44,80
331,1998-06-02 21:28:45,83
332,1998-06-02 21:28:46,80
333,1998-06-02 21:28:47,72
334,1998-06-02 21:28:48,82
335,1998-06-02 21:28:49,78
336,1998-06-02 21:28:50,93
337,1998-06-02 21:28:51,81
338,1998-06-02 21:28:52,75
339,1998-06-02 21:28:53,87
340,1998-06-02 21:28:54,88
341,1998-06-02 21:28:55,70
342,1998-06-02 21:28:56,79
343,1998-06-02 21:28:57,95
344,1998-06-02 21:28:58,68
345,1998-06-02 21:28:59,72
346,1998-06-02 21:29:00,70
347,1998-06-02 21:29:01,77
348,1998-06-02 21:29:02,70
349,1998-06-02 21:29:03,72
350,1998-06-02 21:29:04,68
351,1998-06-02 21:29:05,93
352,1998-06-02 21:29:06,73
353,1998-06-02 21:29:07,82
354,1998-06-02 21:29:08,83
355,1998-06-02 21:29:09,75
356,1998-06-02 21:29:10,61
357,1998-06-02 21:29:11,76
358,1998-06-02 21:29:12,72
359,1998-06-02 21:29:13,82
360,1998-06-02 21:29:14,94
361,1998-06-02 21:29:15,88
362,1998-06-02 21:29:16,81
363,1998-06-02 21:29:17,84
364,1998-06-02 21:29:18,102
365,1998-06-02 21:29:19,98
366,1998-06-02 21:29:20,72
367,1998-06-02 21:29:21,79
368,1998-06-02 21:29:22,87
369,1998-06-02 21:29:23,75
370,1998-06-02 21:29:24,80
371,1998-06-02 21:29:25,66
372,1998-06-02 21:29:26,67
373,1998-06-02 21:29:27,81
374,1998-06-02 21:29:28,97
375,1998-06-02 21:29:29,78
376,1998-06-02 21:29:30,83
377,1998-06-02 21:29:31,80
378,1998-06-02 21:29:32,89
379,1998-06-02 21:29:33,103
380,1998-06-02 21:29:34,86
381,1998-06-02 21:29:35,70
382,1998-06-02 21:29:36,72
383,1998-06-02 21:29:37,86
384,1998-06-02 21:29:38,78
385,1998-06-02 21:29:39,79
386,1998-06-02 21:29:40,92
387,1998-06-02 21:29:41,87
388,1998-06-02 21:29:42,82
389,1998-06-02 21:29:43,74
390,1998-06-02 21:29:44,75
391,1998-06-02 21:29:45,82
392,1998-06-02 21:29:46,72
393,1998-06-02 21:29:47,85
394,1998-06-02 21:29:48,79
395,1998-06-02 21:29:49,77
396,1998-06-02 21:29:50,70
397,1998-06-02 21:29:51,81
398,1998-06-02 21:29:52,82
399,1998-06-02 21:29:53,96
400,1998-06-02 21:29:54,90
401,1998-06-02 21:29:55,82
402,1998-06-02 21:29:56,73
403,1998-06-02 21:29:57,82
404,1998-06-02 21:29:58,95
405,1998-06-02 21:29:59,66
406,1998-06-02 21:30:00,98
407,1998-06-02 21:30:01,86
408,1998-06-02 21:30:02,78
409,1998-06-02 21:30:03,101
410,1998-06-02 21:30:04,85
411,1998-06-02 21:30:05,85
412,1998-06-02 21:30:06,82
413,1998-06-02 21:30:07,81
414,1998-06-02 21:30:08,79
415,1998-06-02 21:30:09,74
416,1998-06-02 21:30:10,92
417,1998-06-02 21:30:11,87
418,1998-06-02 21:30:12,76
419,1998-06-02 21:30:13,78
420,1998-06-02 21:30:14,89
421,1998-06-02 21:30:15,97
422,1998-06-02 21:30:16,63
423,1998-06-02 21:30:17,72
424,1998-06-02 21:30:18,83
425,1998-06-02 21:30:19,76
426,1998-06-02 21:30:20,73
427,1998-06-02 21:30:21,74
428,1998-06-02 21:30:22,74
429,1998-06-02 21:30:23,76
430,1998-06-02 21:30:24,66
431,1998-06-02 21:30:25,74
432,1998-06-02 21:30:26,68
433,1998-06-02 21:30:27,75
434,1998-06-02 21:30:28,60
435,1998-06-02 21:30:29,76
436,1998-06-02 21:30:30,50
437,1998-06-02 21:30:31,74
438,1998-06-02 21:30:32,66
439,1998-06-02 21:30:33,59
440,1998-06-02 21:30:34,75
441,1998-06-02 21:30:35,59
442,1998-06-02 21:30:36,59
443,1998-06-02 21:30:37,85
444,1998-06-02 21:30:38,76
445,1998-06-02 21:30:39,75
446,1998-06-02 21:30:40,112
447,1998-06-02 21:30:41,86
448,1998-06-02 21:30:42,107
449,1998-06-02 21:30:43,77
450,1998-06-02 21:30:44,82
451,1998-06-02 21:30:45,87
452,1998-06-02 21:30:46,89
453,1998-06-02 21:30:47,92
454,1998-06-02 21:30:48,77
455,1998-06-02 21:30:49,78
456,1998-06-02 21:30:50,81
457,1998-06-02 21:30:51,87
458,1998-06-02 21:30:52,74
459,1998-06-02 21:30:53,68
460,1998-06-02 21:30:54,72
461,1998-06-02 21:30:55,65
462,1998-06-02 21:30:56,64
463,1998-06-02 21:30:57,85
464,1998-06-02 21:30:58,93
465,1998-06-02 21:30:59,88
466,1998-06-02 21:31:00,78
467,1998-06-02 21:31:01,88
468,1998-06-02 21:31:02,76
469,1998-06-02 21:31:03,91
470,1998-06-02 21:31:04,99
471,1998-06-02 21:31:05,68
472,1998-06-02 21:31:06,82
473,1998-06-02 21:31:07,93
474,1998-06-02 21:31:08,83
475,1998-06-02 21:31:09,89
476,1998-06-02 21:31:10,86
477,1998-06-02 21:31:11,74
478,1998-06-02 21:31:12,85
479,1998-06-02 21:31:13,75
480,1998-06-02 21:31:14,75
481,1998-06-02 21:31:15,75
482,1998-06-02 21:31:16,83
483,1998-06-02 21:31:17,65
484,1998-06-02 21:31:18,72
485,1998-06-02 21:31:19,86
486,1998-06-02 21:31:20,87
487,1998-06-02 21:31:21,84
488,1998-06-02 21:31:22,65
489,1998-06-02 21:31:23,68
490,1998-06-02 21:31:24,85
491,1998-06-02 21:31:25,104
492,1998-06-02 21:31:26,68
493,1998-06-02 21:31:27,83
494,1998-06-02 21:31:28,86
495,1998-06-02 21:31:29,71
496,1998-06-02 21:31:30,65
497,1998-06-02 21:31:31,74
498,1998-06-02 21:31:32,80
499,1998-06-02 21:31:33,75
500,1998-06-02 21:31:34,95
501,1998-06-02 21:31:35,107
502,1998-06-02 21:31:36,94
503,1998-06-02 21:31:37,76
504,1998-06-02 21:31:38,67
505,1998-06-02 21:31:39,76
506,1998-06-02 21:31:40,65
507,1998-06-02 21:31:41,84
508,1998-06-02 21:31:42,87
509,1998-06-02 21:31:43,83
510,1998-06-02 21:31:44,94
511,1998-06-02 21:31:45,87
512,1998-06-02 21:31:46,68
513,1998-06-02 21:31:47,86
514,1998-06-02 21:31:48,87
515,1998-06-02 21:31:49,76
516,1998-06-02 21:31:50,80
517,1998-06-02 21:31:51,102
518,1998-06-02 21:31:52,75
519,1998-06-02 21:31:53,113
520,1998-06-02 21:31:54,88
521,1998-06-02 21:31:55,89
522,1998-06-02 21:31:56,96
523,1998-06-02 21:31:57,95
524,1998-06-02 21:31:58,79
525,1998-06-02 21:31:59,83
526,1998-06-02 21:32:00,83
527,1998-06-02 21:32:01,108
528,1998-06-02 21:32:02,67
529,1998-06-02 21:32:03,79
530,1998-06-02 21:32:04,100
531,1998-06-02 21:32:05,92
532,1998-06-02 21:32:06,86
533,1998-06-02 21:32:07,80
534,1998-06-02 21:32:08,90
535,1998-06-02 21:32:09,98
536,1998-06-02 21:32:10,97
537,1998-06-02 21:32:11,97
538,1998-06-02 21:32:12,83
539,1998-06-02 21:32:13,82
540,1998-06-02 21:32:14,94
541,1998-06-02 21:32:15,107
542,1998-06-02 21:32:16,94
543,1998-06-02 21:32:17,84
544,1998-06-02 21:32:18,73
545,1998-06-02 21:32:19,66
546,1998-06-02 21:32:20,79
547,1998-06-02 21:32:21,66
548,1998-06-02 21:32:22,69
549,1998-06-02 21:32:23,84
550,1998-06-02 21:32:24,80
551,1998-06-02 21:32:25,94
552,1998-06-02 21:32:26,86
553,1998-06-02 21:32:27,88
554,1998-06-02 21:32:28,83
555,1998-06-02 21:32:29,89
556,1998-06-02 21:32:30,81
557,1998-06-02 21:32:31,78
558,1998-06-02 21:32:32,72
559,1998-06-02 21:32:33,89
560,1998-06-02 21:32:34,108
561,1998-06-02 21:32:35,71
562,1998-06-02 21:32:36,101
563,1998-06-02 21:32:37,83
564,1998-06-02 21:32:38,108
565,1998-06-02 21:32:39,86
566,1998-06-02 21:32:40,98
567,1998-06-02 21:32:41,87
568,1998-06-02 21:32:42,90
569,1998-06-02 21:32:43,90
570,1998-06-02 21:32:44,86
571,1998-06-02 21:32:45,82
572,1998-06-02 21:32:46,76
573,1998-06-02 21:32:47,101
574,1998-06-02 21:32:48,85
575,1998-06-02 21:32:49,91
576,1998-06-02 21:32:50,99
577,1998-06-02 21:32:51,98
578,1998-06-02 21:32:52,110
579,1998-06-02 21:32:53,99
580,1998-06-02 21:32:54,99
581,1998-06-02 21:32:55,89
582,1998-06-02 21:32:56,87
583,1998-06-02 21:32:57,87
584,1998-06-02 21:32:58,78
585,1998-06-02 21:32:59,84
586,1998-06-02 21:33:00,79
587,1998-06-02 21:33:01,82
588,1998-06-02 21:33:02,83
589,1998-06-02 21:33:03,83
590,1998-06-02 21:33:04,73
591,1998-06-02 21:33:05,78
592,1998-06-02 21:33:06,79
593,1998-06-02 21:33:07,63
594,1998-06-02 21:33:08,94
595,1998-06-02 21:33:09,92
596,1998-06-02 21:33:10,81
597,1998-06-02 21:33:11,80
598,1998-06-02 21:33:12,89
599,1998-06-02 21:33:13,85
600,1998-06-02 21:33:14,99
601,1998-06-02 21:33:15,114
602,1998-06-02 21:33:16,87
603,1998-06-02 21:33:17,68
604,1998-06-02 21:33:18,68
605,1998-06-02 21:33:19,74
606,1998-06-02 21:33:20,88
607,1998-06-02 21:33:21,68
608,1998-06-02 21:33:22,100
609,1998-06-02 21:33:23,85
610,1998-06-02 21:33:24,79
611,1998-06-02 21:33:25,81
612,1998-06-02 21:33:26,64
613,1998-06-02 21:33:27,97
614,1998-06-02 21:33:28,104
615,1998-06-02 21:33:29,92
616,1998-06-02 21:33:30,91
617,1998-06-02 21:33:31,83
618,1998-06-02 21:33:32,89
619,1998-06-02 21:33:33,71
620,1998-06-02 21:33:34,93
621,1998-06-02 21:33:35,78
622,1998-06-02 21:33:36,74
623,1998-06-02 21:33:37,82
624,1998-06-02 21:33:38,80
625,1998-06-02 21:33:39,85
626,1998-06-02 21:33:40,97
627,1998-06-02 21:33:41,84
628,1998-06-02 21:33:42,76
629,1998-06-02 21:33:43,67
630,1998-06-02 21:33:44,99
631,1998-06-02 21:33:45,84
632,1998-06-02 21:33:46,95
633,1998-06-02 21:33:47,74
634,1998-06-02 21:33:48,73
635,1998-06-02 21:33:49,85
636,1998-06-02 21:33:50,66
637,1998-06-02 21:33:51,83
638,1998-06-02 21:33:52,83
639,1998-06-02 21:33:53,59
640,1998-06-02 21:33:54,80
641,1998-06-02 21:33:55,85
642,1998-06-02 21:33:56,70
643,1998-06-02 21:33:57,94
644,1998-06-02 21:33:58,103
645,1998-06-02 21:33:59,64
646,1998-06-02 21:34:00,75
647,1998-06-02 21:34:01,76
648,1998-06-02 21:34:02,80
649,1998-06-02 21:34:03,85
650,1998-06-02 21:34:04,82
651,1998-06-02 21:34:05,87
652,1998-06-02 21:34:06,84
653,1998-06-02 21:34:07,77
654,1998-06-02 21:34:08,81
655,1998-06-02 21:34:09,60
656,1998-06-02 21:34:10,85
657,1998-06-02 21:34:11,60
658,1998-06-02 21:34:12,61
659,1998-06-02 21:34:13,83
660,1998-06-02 21:34:14,85
661,1998-06-02 21:34:15,80
662,1998-06-02 21:34:16,82
663,1998-06-02 21:34:17,79
664,1998-06-02 21:34:18,74
665,1998-06-02 21:34:19,76
666,1998-06-02 21:34:20,74
667,1998-06-02 21:34:21,109
668,1998-06-02 21:34:22,60
669,1998-06-02 21:34:23,88
670,1998-06-02 21:34:24,79
671,1998-06-02 21:34:25,70
672,1998-06-02 21:34:26,75
673,1998-06-02 21:34:27,92
674,1998-06-02 21:34:28,72
675,1998-06-02 21:34:29,94
676,1998-06-02 21:34:30,80
677,1998-06-02 21:34:31,76
678,1998-06-02 21:34:32,70
679,1998-06-02 21:34:33,68
680,1998-06-02 21:34:34,61
681,1998-06-02 21:34:35,80
682,1998-06-02 21:34:36,77
683,1998-06-02 21:34:37,92
684,1998-06-02 21:34:38,91
685,1998-06-02 21:34:39,112
686,1998-06-02 21:34:40,92
687,1998-06-02 21:34:41,70
688,1998-06-02 21:34:42,79
689,1998-06-02 21:34:43,126
690,1998-06-02 21:34:44,70
691,1998-06-02 21:34:45,117
692,1998-06-02 21:34:46,100
693,1998-06-02 21:34:47,84
694,1998-06-02 21:34:48,70
695,1998-06-02 21:34:49,89
696,1998-06-02 21:34:50,94
697,1998-06-02 21:34:51,77
698,1998-06-02 21:34:52,94
699,1998-06-02 21:34:53,101
700,1998-06-02 21:34:54,103
701,1998-06-02 21:34:55,105
702,1998-06-02 21:34:56,83
703,1998-06-02 21:34:57,93
704,1998-06-02 21:34:58,82
705,1998-06-02 21:34:59,72
706,1998-06-02 21:35:00,104
707,1998-06-02 21:35:01,94
708,1998-06-02 21:35:02,78
709,1998-06-02 21:35:03,89
710,1998-06-02 21:35:04,79
711,1998-06-02 21:35:05,78
712,1998-06-02 21:35:06,72
713,1998-06-02 21:35:07,77
714,1998-06-02 21:35:08,70
715,1998-06-02 21:35:09,83
716,1998-06-02 21:35:10,88
717,1998-06-02 21:35:11,80
718,1998-06-02 21:35:12,81
719,1998-06-02 21:35:13,82
720,1998-06-02 21:35:14,95
721,1998-06-02 21:35:15,80
722,1998-06-02 21:35:16,119
723,1998-06-02 21:35:17,95
724,1998-06-02 21:35:18,87
725,1998-06-02 21:35:19,82
726,1998-06-02 21:35:20,91
727,1998-06-02 21:35:21,92
728,1998-06-02 21:35:22,98
729,1998-06-02 21:35:23,75
730,1998-06-02 21:35:24,87
731,1998-06-02 21:35:25,90
732,1998-06-02 21:35:26,84
733,1998-06-02 21:35:27,95
734,1998-06-02 21:35:28,98
735,1998-06-02 21:35:29,93
736,1998-06-02 21:35:30,96
737,1998-06-02 21:35:31,84
738,1998-06-02 21:35:32,69
739,1998-06-02 21:35:33,89
740,1998-06-02 21:35:34,103
741,1998-06-02 21:35:35,77
742,1998-06-02 21:35:36,84
743,1998-06-02 21:35:37,74
744,1998-06-02 21:35:38,91
745,1998-06-02 21:35:39,85
746,1998-06-02 21:35:40,98
747,1998-06-02 21:35:41,110
748,1998-06-02 21:35:42,101
749,1998-06-02 21:35:43,79
750,1998-06-02 21:35:44,84
751,1998-06-02 21:35:45,90
752,1998-06-02 21:35:46,79
753,1998-06-02 21:35:47,81
754,1998-06-02 21:35:48,71
755,1998-06-02 21:35:49,86
756,1998-06-02 21:35:50,86
757,1998-06-02 21:35:51,89
758,1998-06-02 21:35:52,95
759,1998-06-02 21:35:53,91
760,1998-06-02 21:35:54,100
761,1998-06-02 21:35:55,84
762,1998-06-02 21:35:56,76
763,1998-06-02 21:35:57,110
764,1998-06-02 21:35:58,79
765,1998-06-02 21:35:59,94
766,1998-06-02 21:36:00,88
767,1998-06-02 21:36:01,89
768,1998-06-02 21:36:02,103
769,1998-06-02 21:36:03,110
770,1998-06-02 21:36:04,108
771,1998-06-02 21:36:05,101
772,1998-06-02 21:36:06,78
773,1998-06-02 21:36:07,81
774,1998-06-02 21:36:08,92
775,1998-06-02 21:36:09,106
776,1998-06-02 21:36:10,97
777,1998-06-02 21:36:11,87
778,1998-06-02 21:36:12,102
779,1998-06-02 21:36:13,107
780,1998-06-02 21:36:14,104
781,1998-06-02 21:36:15,110
782,1998-06-02 21:36:16,106
783,1998-06-02 21:36:17,94
784,1998-06-02 21:36:18,91
785,1998-06-02 21:36:19,82
786,1998-06-02 21:36:20,89
787,1998-06-02 21:36:21,102
788,1998-06-02 21:36:22,97
789,1998-06-02 21:36:23,93
790,1998-06-02 21:36:24,72
791,1998-06-02 21:36:25,106
792,1998-06-02 21:36:26,92
793,1998-06-02 21:36:27,88
794,1998-06-02 21:36:28,71
795,1998-06-02 21:36:29,83
796,1998-06-02 21:36:30,100
797,1998-06-02 21:36:31,96
798,1998-06-02 21:36:32,97
799,1998-06-02 21:36:33,91
800,1998-06-02 21:36:34,114
801,1998-06-02 21:36:35,86
802,1998-06-02 21:36:36,92
803,1998-06-02 21:36:37,114
804,1998-06-02 21:36:38,131
805,1998-06-02 21:36:39,100
806,1998-06-02 21:36:40,116
807,1998-06-02 21:36:41,105
808,1998-06-02 21:36:42,105
809,1998-06-02 21:36:43,84
810,1998-06-02 21:36:44,100
811,1998-06-02 21:36:45,97
812,1998-06-02 21:36:46,106
813,1998-06-02 21:36:47,105
814,1998-06-02 21:36:48,119
815,1998-06-02 21:36:49,135
816,1998-06-02 21:36:50,102
817,1998-06-02 21:36:51,89
818,1998-06-02 21:36:52,97
819,1998-06-02 21:36:53,76
820,1998-06-02 21:36:54,93
821,1998-06-02 21:36:55,78
822,1998-06-02 21:36:56,88
823,1998-06-02 21:36:57,97
824,1998-06-02 21:36:58,87
825,1998-06-02 21:36:59,73
826,1998-06-02 21:37:00,76
827,1998-06-02 21:37:01,76
828,1998-06-02 21:37:02,75
829,1998-06-02 21:37:03,64
830,1998-06-02 21:37:04,72
831,1998-06-02 21:37:05,67
832,1998-06-02 21:37:06,78
833,1998-06-02 21:37:07,79
834,1998-06-02 21:37:08,98
835,1998-06-02 21:37:09,83
836,1998-06-02 21:37:10,100
837,1998-06-02 21:37:11,93
838,1998-06-02 21:37:12,82
839,1998-06-02 21:37:13,76
840,1998-06-02 21:37:14,70
841,1998-06-02 21:37:15,106
842,1998-06-02 21:37:16,108
843,1998-06-02 21:37:17,98
844,1998-06-02 21:37:18,123
845,1998-06-02 21:37:19,83
846,1998-06-02 21:37:20,73
847,1998-06-02 21:37:21,85
848,1998-06-02 21:37:22,80
849,1998-06-02 21:37:23,67
850,1998-06-02 21:37:24,68
851,1998-06-02 21:37:25,67
852,1998-06-02 21:37:26,73
853,1998-06-02 21:37:27,81
854,1998-06-02 21:37:28,79
855,1998-06-02 21:37:29,81
856,1998-06-02 21:37:30,98
857,1998-06-02 21:37:31,88
858,1998-06-02 21:37:32,96
859,1998-06-02 21:37:33,88
860,1998-06-02 21:37:34,105
861,1998-06-02 21:37:35,81
862,1998-06-02 21:37:36,80
863,1998-06-02 21:37:37,94
864,1998-06-02 21:37:38,84
865,1998-06-02 21:37:39,83
866,1998-06-02 21:37:40,65
867,1998-06-02 21:37:41,100
868,1998-06-02 21:37:42,80
869,1998-06-02 21:37:43,99
870,1998-06-02 21:37:44,90
871,1998-06-02 21:37:45,92
872,1998-06-02 21:37:46,94
873,1998-06-02 21:37:47,120
874,1998-06-02 21:37:48,119
875,1998-06-02 21:37:49,92
876,1998-06-02 21:37:50,95
877,1998-06-02 21:37:51,129
878,1998-06-02 21:37:52,103
879,1998-06-02 21:37:53,105
880,1998-06-02 21:37:54,102
881,1998-06-02 21:37:55,110
882,1998-06-02 21:37:56,92
883,1998-06-02 21:37:57,85
884,1998-06-02 21:37:58,106
885,1998-06-02 21:37:59,96
886,1998-06-02 21:38:00,94
887,1998-06-02 21:38:01,111
888,1998-06-02 21:38:02,114
889,1998-06-02 21:38:03,85
890,1998-06-02 21:38:04,87
891,1998-06-02 21:38:05,130
892,1998-06-02 21:38:06,104
893,1998-06-02 21:38:07,87
894,1998-06-02 21:38:08,101
895,1998-06-02 21:38:09,103
896,1998-06-02 21:38:10,107
897,1998-06-02 21:38:11,99
898,1998-06-02 21:38:12,74
899,1998-06-02 21:38:13,112
900,1998-06-02 21:38:14,81
901,1998-06-02 21:38:15,97
902,1998-06-02 21:38:16,73
903,1998-06-02 21:38:17,91
904,1998-06-02 21:38:18,93
905,1998-06-02 21:38:19,101
906,1998-06-02 21:38:20,111
907,1998-06-02 21:38:21,111
908,1998-06-02 21:38:22,71
909,1998-06-02 21:38:23,91
910,1998-06-02 21:38:24,68
911,1998-06-02 21:38:25,84
912,1998-06-02 21:38:26,88
913,1998-06-02 21:38:27,80
914,1998-06-02 21:38:28,105
915,1998-06-02 21:38:29,73
916,1998-06-02 21:38:30,94
917,1998-06-02 21:38:31,88
918,1998-06-02 21:38:32,79
919,1998-06-02 21:38:33,88
920,1998-06-02 21:38:34,67
921,1998-06-02 21:38:35,88
922,1998-06-02 21:38:36,81
923,1998-06-02 21:38:37,80
924,1998-06-02 21:38:38,88
925,1998-06-02 21:38:39,82
926,1998-06-02 21:38:40,79
927,1998-06-02 21:38:41,74
928,1998-06-02 21:38:42,75
929,1998-06-02 21:38:43,112
930,1998-06-02 21:38:44,82
931,1998-06-02 21:38:45,102
932,1998-06-02 21:38:46,66
933,1998-06-02 21:38:47,81
934,1998-06-02 21:38:48,78
935,1998-06-02 21:38:49,72
936,1998-06-02 21:38:50,79
937,1998-06-02 21:38:51,81
938,1998-06-02 21:38:52,73
939,1998-06-02 21:38:53,110
940,1998-06-02 21:38:54,67
941,1998-06-02 21:38:55,81
942,1998-06-02 21:38:56,68
943,1998-06-02 21:38:57,76
944,1998-06-02 21:38:58,94
945,1998-06-02 21:38:59,78
946,1998-06-02 21:39:00,76
947,1998-06-02 21:39:01,98
948,1998-06-02 21:39:02,93
949,1998-06-02 21:39:03,110
950,1998-06-02 21:39:04,103
951,1998-06-02 21:39:05,74
952,1998-06-02 21:39:06,91
953,1998-06-02 21:39:07,79
954,1998-06-02 21:39:08,90
955,1998-06-02 21:39:09,73
956,1998-06-02 21:39:10,87
957,1998-06-02 21:39:11,70
958,1998-06-02 21:39:12,80
959,1998-06-02 21:39:13,93
960,1998-06-02 21:39:14,75
961,1998-06-02 21:39:15,84
962,1998-06-02 21:39:16,87
963,1998-06-02 21:39:17,74
964,1998-06-02 21:39:18,76
965,1998-06-02 21:39:19,78
966,1998-06-02 21:39:20,69
967,1998-06-02 21:39:21,81
968,1998-06-02 21:39:22,71
969,1998-06-02 21:39:23,61
970,1998-06-02 21:39:24,101
971,1998-06-02 21:39:25,85
972,1998-06-02 21:39:26,70
973,1998-06-02 21:39:27,81
974,1998-06-02 21:39:28,81
975,1998-06-02 21:39:29,74
976,1998-06-02 21:39:30,89
977,1998-06-02 21:39:31,87
978,1998-06-02 21:39:32,87
979,1998-06-02 21:39:33,101
980,1998-06-02 21:39:34,82
981,1998-06-02 21:39:35,67
982,1998-06-02 21:39:36,80
983,1998-06-02 21:39:37,63
984,1998-06-02 21:39:38,74
985,1998-06-02 21:39:39,98
986,1998-06-02 21:39:40,91
987,1998-06-02 21:39:41,70
988,1998-06-02 21:39:42,86
989,1998-06-02 21:39:43,76
990,1998-06-02 21:39:44,85
991,1998-06-02 21:39:45,86
992,1998-06-02 21:39:46,93
993,1998-06-02 21:39:47,100
994,1998-06-02 21:39:48,71
995,1998-06-02 21:39:49,69
996,1998-06-02 21:39:50,91
997,1998-06-02 21:39:51,105
998,1998-06-02 21:39:52,80
999,1998-06-02 21:39:53,66
1000,1998-06-02 21:39:54,90
1001,1998-06-02 21:39:55,70
1002,1998-06-02 21:39:56,86
1003,1998-06-02 21:39:57,93
1004,1998-06-02 21:39:58,75
1005,1998-06-02 21:39:59,84
1006,1998-06-02 21:40:00,95
1007,1998-06-02 21:40:01,109
1008,1998-06-02 21:40:02,98
1009,1998-06-02 21:40:03,89
1010,1998-06-02 21:40:04,84
1011,1998-06-02 21:40:05,101
1012,1998-06-02 21:40:06,99
1013,1998-06-02 21:40:07,80
1014,1998-06-02 21:40:08,68
1015,1998-06-02 21:40:09,91
1016,1998-06-02 21:40:10,60
1017,1998-06-02 21:40:11,84
1018,1998-06-02 21:40:12,86
1019,1998-06-02 21:40:13,83
1020,1998-06-02 21:40:14,79
1021,1998-06-02 21:40:15,65
1022,1998-06-02 21:40:16,80
1023,1998-06-02 21:40:17,84
1024,1998-06-02 21:40:18,93
1025,1998-06-02 21:40:19,87
1026,1998-06-02 21:40:20,84
1027,1998-06-02 21:40:21,97
1028,1998-06-02 21:40:22,97
1029,1998-06-02 21:40:23,104
1030,1998-06-02 21:40:24,77
1031,1998-06-02 21:40:25,97
1032,1998-06-02 21:40:26,82
1033,1998-06-02 21:40:27,101
1034,1998-06-02 21:40:28,86
1035,1998-06-02 21:40:29,89
1036,1998-06-02 21:40:30,71
1037,1998-06-02 21:40:31,80
1038,1998-06-02 21:40:32,90
1039,1998-06-02 21:40:33,104
1040,1998-06-02 21:40:34,93
1041,1998-06-02 21:40:35,101
1042,1998-06-02 21:40:36,100
1043,1998-06-02 21:40:37,96
1044,1998-06-02 21:40:38,77
1045,1998-06-02 21:40:39,84
1046,1998-06-02 21:40:40,97
1047,1998-06-02 21:40:41,83
1048,1998-06-02 21:40:42,79
1049,1998-06-02 21:40:43,77
1050,1998-06-02 21:40:44,98
1051,1998-06-02 21:40:45,65
1052,1998-06-02 21:40:46,67
1053,1998-06-02 21:40:47,79
1054,1998-06-02 21:40:48,81
1055,1998-06-02 21:40:49,63
1056,1998-06-02 21:40:50,72
1057,1998-06-02 21:40:51,61
1058,1998-06-02 21:40:52,72
1059,1998-06-02 21:40:53,93
1060,1998-06-02 21:40:54,61
1061,1998-06-02 21:40:55,79
1062,1998-06-02 21:40:56,73
1063,1998-06-02 21:40:57,87
1064,1998-06-02 21:40:58,88
1065,1998-06-02 21:40:59,105
1066,1998-06-02 21:41:00,91
1067,1998-06-02 21:41:01,64
1068,1998-06-02 21:41:02,59
1069,1998-06-02 21:41:03,62
1070,1998-06-02 21:41:04,75
1071,1998-06-02 21:41:05,88
1072,1998-06-02 21:41:06,84
1073,1998-06-02 21:41:07,71
1074,1998-06-02 21:41:08,90
1075,1998-06-02 21:41:09,90
1076,1998-06-02 21:41:10,90
1077,1998-06-02 21:41:11,86
1078,1998-06-02 21:41:12,73
1079,1998-06-02 21:41:13,92
1080,1998-06-02 21:41:14,114
1081,1998-06-02 21:41:15,110
1082,1998-06-02 21:41:16,110
1083,1998-06-02 21:41:17,88
1084,1998-06-02 21:41:18,74
1085,1998-06-02 21:41:19,79
1086,1998-06-02 21:41:20,73
1087,1998-06-02 21:41:21,83
1088,1998-06-02 21:41:22,53
1089,1998-06-02 21:41:23,76
1090,1998-06-02 21:41:24,74
1091,1998-06-02 21:41:25,56
1092,1998-06-02 21:41:26,68
1093,1998-06-02 21:41:27,73
1094,1998-06-02 21:41:28,63
1095,1998-06-02 21:41:29,68
1096,1998-06-02 21:41:30,78
1097,1998-06-02 21:41:31,58
1098,1998-06-02 21:41:32,73
1099,1998-06-02 21:41:33,81
1100,1998-06-02 21:41:34,79
1101,1998-06-02 21:41:35,73
1102,1998-06-02 21:41:36,89
1103,1998-06-02 21:41:37,72
1104,1998-06-02 21:41:38,72
1105,1998-06-02 21:41:39,80
1106,1998-06-02 21:41:40,69
1107,1998-06-02 21:41:41,82
1108,1998-06-02 21:41:42,74
1109,1998-06-02 21:41:43,91
1110,1998-06-02 21:41:44,61
1111,1998-06-02 21:41:45,79
1112,1998-06-02 21:41:46,88
1113,1998-06-02 21:41:47,91
1114,1998-06-02 21:41:48,94
1115,1998-06-02 21:41:49,101
1116,1998-06-02 21:41:50,91
1117,1998-06-02 21:41:51,84
1118,1998-06-02 21:41:52,116
1119,1998-06-02 21:41:53,86
1120,1998-06-02 21:41:54,85
1121,1998-06-02 21:41:55,81
1122,1998-06-02 21:41:56,75
1123,1998-06-02 21:41:57,70
1124,1998-06-02 21:41:58,74
1125,1998-06-02 21:41:59,75
1126,1998-06-02 21:42:00,111
1127,1998-06-02 21:42:01,83
1128,1998-06-02 21:42:02,64
1129,1998-06-02 21:42:03,77
1130,1998-06-02 21:42:04,68
1131,1998-06-02 21:42:05,102
1132,1998-06-02 21:42:06,95
1133,1998-06-02 21:42:07,89
1134,1998-06-02 21:42:08,98
1135,1998-06-02 21:42:09,80
1136,1998-06-02 21:42:10,80
1137,1998-06-02 21:42:11,85
1138,1998-06-02 21:42:12,88
1139,1998-06-02 21:42:13,92
1140,1998-06-02 21:42:14,92
1141,1998-06-02 21:42:15,65
1142,1998-06-02 21:42:16,71
1143,1998-06-02 21:42:17,78
1144,1998-06-02 21:42:18,71
1145,1998-06-02 21:42:19,69
1146,1998-06-02 21:42:20,74
1147,1998-06-02 21:42:21,79
1148,1998-06-02 21:42:22,77
1149,1998-06-02 21:42:23,85
1150,1998-06-02 21:42:24,91
1151,1998-06-02 21:42:25,83
1152,1998-06-02 21:42:26,62
1153,1998-06-02 21:42:27,88
1154,1998-06-02 21:42:28,91
1155,1998-06-02 21:42:29,84
1156,1998-06-02 21:42:30,84
1157,1998-06-02 21:42:31,75
1158,1998-06-02 21:42:32,63
1159,1998-06-02 21:42:33,58
1160,1998-06-02 21:42:34,71
1161,1998-06-02 21:42:35,99
1162,1998-06-02 21:42:36,112
1163,1998-06-02 21:42:37,81
1164,1998-06-02 21:42:38,98
1165,1998-06-02 21:42:39,80
1166,1998-06-02 21:42:40,84
1167,1998-06-02 21:42:41,98
1168,1998-06-02 21:42:42,85
1169,1998-06-02 21:42:43,80
1170,1998-06-02 21:42:44,83
1171,1998-06-02 21:42:45,108
1172,1998-06-02 21:42:46,102
1173,1998-06-02 21:42:47,80
1174,1998-06-02 21:42:48,71
1175,1998-06-02 21:42:49,78
1176,1998-06-02 21:42:50,78
1177,1998-06-02 21:42:51,83
1178,1998-06-02 21:42:52,73
1179,1998-06-02 21:42:53,90
1180,1998-06-02 21:42:54,79
1181,1998-06-02 21:42:55,63
1182,1998-06-02 21:42:56,87
1183,1998-06-02 21:42:57,86
1184,1998-06-02 21:42:58,95
1185,1998-06-02 21:42:59,86
1186,1998-06-02 21:43:00,101
1187,1998-06-02 21:43:01,79
1188,1998-06-02 21:43:02,80
1189,1998-06-02 21:43:03,79
1190,1998-06-02 21:43:04,83
1191,1998-06-02 21:43:05,74
1192,1998-06-02 21:43:06,84
1193,1998-06-02 21:43:07,85
1194,1998-06-02 21:43:08,86
1195,1998-06-02 21:43:09,82
1196,1998-06-02 21:43:10,74
1197,1998-06-02 21:43:11,96
1198,1998-06-02 21:43:12,78
1199,1998-06-02 21:43:13,80
1200,1998-06-02 21:43:14,75
1201,1998-06-02 21:43:15,88
1202,1998-06-02 21:43:16,79
1203,1998-06-02 21:43:17,69
1204,1998-06-02 21:43:18,92
1205,1998-06-02 21:43:19,79
1206,1998-06-02 21:43:20,60
1207,1998-06-02 21:43:21,75
1208,1998-06-02 21:43:22,88
1209,1998-06-02 21:43:23,100
1210,1998-06-02 21:43:24,94
1211,1998-06-02 21:43:25,92
1212,1998-06-02 21:43:26,99
1213,1998-06-02 21:43:27,72
1214,1998-06-02 21:43:28,73
1215,1998-06-02 21:43:29,81
1216,1998-06-02 21:43:30,77
1217,1998-06-02 21:43:31,75
1218,1998-06-02 21:43:32,72
1219,1998-06-02 21:43:33,76
1220,1998-06-02 21:43:34,81
1221,1998-06-02 21:43:35,98
1222,1998-06-02 21:43:36,91
1223,1998-06-02 21:43:37,67
1224,1998-06-02 21:43:38,69
1225,1998-06-02 21:43:39,82
1226,1998-06-02 21:43:40,97
1227,1998-06-02 21:43:41,91
1228,1998-06-02 21:43:42,103
1229,1998-06-02 21:43:43,71
1230,1998-06-02 21:43:44,92
1231,1998-06-02 21:43:45,95
1232,1998-06-02 21:43:46,65
1233,1998-06-02 21:43:47,81
1234,1998-06-02 21:43:48,89
1235,1998-06-02 21:43:49,82
1236,1998-06-02 21:43:50,76
1237,1998-06-02 21:43:51,78
1238,1998-06-02 21:43:52,89
1239,1998-06-02 21:43:53,84
1240,1998-06-02 21:43:54,83
1241,1998-06-02 21:43:55,88
1242,1998-06-02 21:43:56,97
1243,1998-06-02 21:43:57,83
1244,1998-06-02 21:43:58,105
1245,1998-06-02 21:43:59,92
1246,1998-06-02 21:44:00,83
1247,1998-06-02 21:44:01,94
1248,1998-06-02 21:44:02,98
1249,1998-06-02 21:44:03,82
1250,1998-06-02 21:44:04,95
1251,1998-06-02 21:44:05,72
1252,1998-06-02 21:44:06,88
1253,1998-06-02 21:44:07,99
1254,1998-06-02 21:44:08,75
1255,1998-06-02 21:44:09,98
1256,1998-06-02 21:44:10,98
1257,1998-06-02 21:44:11,87
1258,1998-06-02 21:44:12,71
1259,1998-06-02 21:44:13,70
1260,1998-06-02 21:44:14,81
1261,1998-06-02 21:44:15,78
1262,1998-06-02 21:44:16,88
1263,1998-06-02 21:44:17,77
1264,1998-06-02 21:44:18,75
1265,1998-06-02 21:44:19,92
1266,1998-06-02 21:44:20,65
1267,1998-06-02 21:44:21,69
1268,1998-06-02 21:44:22,55
1269,1998-06-02 21:44:23,78
1270,1998-06-02 21:44:24,78
1271,1998-06-02 21:44:25,78
1272,1998-06-02 21:44:26,80
1273,1998-06-02 21:44:27,80
1274,1998-06-02 21:44:28,73
1275,1998-06-02 21:44:29,65
1276,1998-06-02 21:44:30,96
1277,1998-06-02 21:44:31,84
1278,1998-06-02 21:44:32,97
1279,1998-06-02 21:44:33,102
1280,1998-06-02 21:44:34,68
1281,1998-06-02 21:44:35,81
1282,1998-06-02 21:44:36,84
1283,1998-06-02 21:44:37,73
1284,1998-06-02 21:44:38,88
1285,1998-06-02 21:44:39,86
1286,1998-06-02 21:44:40,95
1287,1998-06-02 21:44:41,88
1288,1998-06-02 21:44:42,88
1289,1998-06-02 21:44:43,79
1290,1998-06-02 21:44:44,73
1291,1998-06-02 21:44:45,84
1292,1998-06-02 21:44:46,79
1293,1998-06-02 21:44:47,93
1294,1998-06-02 21:44:48,92
1295,1998-06-02 21:44:49,92
1296,1998-06-02 21:44:50,91
1297,1998-06-02 21:44:51,96
1298,1998-06-02 21:44:52,82
1299,1998-06-02 21:44:53,106
1300,1998-06-02 21:44:54,91
1301,1998-06-02 21:44:55,103
1302,1998-06-02 21:44:56,77
1303,1998-06-02 21:44:57,81
1304,1998-06-02 21:44:58,91
1305,1998-06-02 21:44:59,71
1306,1998-06-02 21:45:00,82
1307,1998-06-02 21:45:01,85
1308,1998-06-02 21:45:02,84
1309,1998-06-02 21:45:03,101
1310,1998-06-02 21:45:04,94
1311,1998-06-02 21:45:05,93
1312,1998-06-02 21:45:06,100
1313,1998-06-02 21:45:07,114
1314,1998-06-02 21:45:08,75
1315,1998-06-02 21:45:09,93
1316,1998-06-02 21:45:10,79
1317,1998-06-02 21:45:11,71
1318,1998-06-02 21:45:12,79
1319,1998-06-02 21:45:13,82
1320,1998-06-02 21:45:14,72
1321,1998-06-02 21:45:15,79
1322,1998-06-02 21:45:16,89
1323,1998-06-02 21:45:17,110
1324,1998-06-02 21:45:18,76
1325,1998-06-02 21:45:19,88
1326,1998-06-02 21:45:20,88
1327,1998-06-02 21:45:21,91
1328,1998-06-02 21:45:22,94
1329,1998-06-02 21:45:23,59
1330,1998-06-02 21:45:24,84
1331,1998-06-02 21:45:25,86
1332,1998-06-02 21:45:26,78
1333,1998-06-02 21:45:27,77
1334,1998-06-02 21:45:28,78
1335,1998-06-02 21:45:29,93
1336,1998-06-02 21:45:30,99
1337,1998-06-02 21:45:31,108
1338,1998-06-02 21:45:32,89
1339,1998-06-02 21:45:33,95
1340,1998-06-02 21:45:34,95
1341,1998-06-02 21:45:35,96
1342,1998-06-02 21:45:36,79
1343,1998-06-02 21:45:37,71
1344,1998-06-02 21:45:38,60
1345,1998-06-02 21:45:39,110
1346,1998-06-02 21:45:40,84
1347,1998-06-02 21:45:41,96
1348,1998-06-02 21:45:42,70
1349,1998-06-02 21:45:43,70
1350,1998-06-02 21:45:44,87
1351,1998-06-02 21:45:45,97
1352,1998-06-02 21:45:46,95
1353,1998-06-02 21:45:47,89
1354,1998-06-02 21:45:48,67
1355,1998-06-02 21:45:49,89
1356,1998-06-02 21:45:50,77
1357,1998-06-02 21:45:51,95
1358,1998-06-02 21:45:52,98
1359,1998-06-02 21:45:53,90
1360,1998-06-02 21:45:54,82
1361,1998-06-02 21:45:55,90
1362,1998-06-02 21:45:56,89
1363,1998-06-02 21:45:57,90
1364,1998-06-02 21:45:58,83
1365,1998-06-02 21:45:59,65
1366,1998-06-02 21:46:00,81
1367,1998-06-02 21:46:01,80
1368,1998-06-02 21:46:02,69
1369,1998-06-02 21:46:03,77
1370,1998-06-02 21:46:04,76
1371,1998-06-02 21:46:05,71
1372,1998-06-02 21:46:06,69
1373,1998-06-02 21:46:07,72
1374,1998-06-02 21:46:08,58
1375,1998-06-02 21:46:09,70
1376,1998-06-02 21:46:10,66
1377,1998-06-02 21:46:11,83
1378,1998-06-02 21:46:12,85
1379,1998-06-02 21:46:13,90
1380,1998-06-02 21:46:14,88
1381,1998-06-02 21:46:15,93
1382,1998-06-02 21:46:16,99
1383,1998-06-02 21:46:17,88
1384,1998-06-02 21:46:18,109
1385,1998-06-02 21:46:19,110
1386,1998-06-02 21:46:20,107
1387,1998-06-02 21:46:21,84
1388,1998-06-02 21:46:22,96
1389,1998-06-02 21:46:23,105
1390,1998-06-02 21:46:24,81
1391,1998-06-02 21:46:25,78
1392,1998-06-02 21:46:26,78
1393,1998-06-02 21:46:27,73
1394,1998-06-02 21:46:28,87
1395,1998-06-02 21:46:29,76
1396,1998-06-02 21:46:30,68
1397,1998-06-02 21:46:31,75
1398,1998-06-02 21:46:32,66
1399,1998-06-02 21:46:33,87
1400,1998-06-02 21:46:34,74
1401,1998-06-02 21:46:35,78
1402,1998-06-02 21:46:36,91
1403,1998-06-02 21:46:37,92
1404,1998-06-02 21:46:38,81
1405,1998-06-02 21:46:39,104
1406,1998-06-02 21:46:40,88
1407,1998-06-02 21:46:41,107
1408,1998-06-02 21:46:42,87
1409,1998-06-02 21:46:43,86
1410,1998-06-02 21:46:44,74
1411,1998-06-02 21:46:45,94
1412,1998-06-02 21:46:46,66
1413,1998-06-02 21:46:47,81
1414,1998-06-02 21:46:48,70
1415,1998-06-02 21:46:49,82
1416,1998-06-02 21:46:50,67
1417,1998-06-02 21:46:51,69
1418,1998-06-02 21:46:52,75
1419,1998-06-02 21:46:53,69
1420,1998-06-02 21:46:54,79
1421,1998-06-02 21:46:55,80
1422,1998-06-02 21:46:56,81
1423,1998-06-02 21:46:57,70
1424,1998-06-02 21:46:58,88
1425,1998-06-02 21:46:59,86
1426,1998-06-02 21:47:00,86
1427,1998-06-02 21:47:01,72
1428,1998-06-02 21:47:02,84
1429,1998-06-02 21:47:03,80
1430,1998-06-02 21:47:04,74
1431,1998-06-02 21:47:05,77
1432,1998-06-02 21:47:06,88
1433,1998-06-02 21:47:07,79
1434,1998-06-02 21:47:08,90
1435,1998-06-02 21:47:09,88
1436,1998-06-02 21:47:10,112
1437,1998-06-02 21:47:11,97
1438,1998-06-02 21:47:12,108
1439,1998-06-02 21:47:13,83
1440,1998-06-02 21:47:14,76
1441,1998-06-02 21:47:15,77
1442,1998-06-02 21:47:16,81
1443,1998-06-02 21:47:17,89
1444,1998-06-02 21:47:18,80
1445,1998-06-02 21:47:19,99
1446,1998-06-02 21:47:20,99
1447,1998-06-02 21:47:21,84
1448,1998-06-02 21:47:22,97
1449,1998-06-02 21:47:23,110
1450,1998-06-02 21:47:24,76
1451,1998-06-02 21:47:25,92
1452,1998-06-02 21:47:26,95
1453,1998-06-02 21:47:27,104
1454,1998-06-02 21:47:28,69
1455,1998-06-02 21:47:29,73
1456,1998-06-02 21:47:30,69
1457,1998-06-02 21:47:31,77
1458,1998-06-02 21:47:32,61
1459,1998-06-02 21:47:33,69
1460,1998-06-02 21:47:34,96
1461,1998-06-02 21:47:35,63
1462,1998-06-02 21:47:36,89
1463,1998-06-02 21:47:37,82
1464,1998-06-02 21:47:38,86
1465,1998-06-02 21:47:39,87
1466,1998-06-02 21:47:40,69
1467,1998-06-02 21:47:41,77
1468,1998-06-02 21:47:42,68
1469,1998-06-02 21:47:43,67
1470,1998-06-02 21:47:44,72
1471,1998-06-02 21:47:45,69
1472,1998-06-02 21:47:46,101
1473,1998-06-02 21:47:47,89
1474,1998-06-02 21:47:48,63
1475,1998-06-02 21:47:49,93
1476,1998-06-02 21:47:50,76
1477,1998-06-02 21:47:51,111
1478,1998-06-02 21:47:52,64
1479,1998-06-02 21:47:53,52
1480,1998-06-02 21:47:54,78
1481,1998-06-02 21:47:55,87
1482,1998-06-02 21:47:56,71
1483,1998-06-02 21:47:57,90
1484,1998-06-02 21:47:58,88
1485,1998-06-02 21:47:59,74
1486,1998-06-02 21:48:00,76
1487,1998-06-02 21:48:01,95
1488,1998-06-02 21:48:02,81
1489,1998-06-02 21:48:03,81
1490,1998-06-02 21:48:04,76
1491,1998-06-02 21:48:05,92
1492,1998-06-02 21:48:06,91
1493,1998-06-02 21:48:07,104
1494,1998-06-02 21:48:08,92
1495,1998-06-02 21:48:09,79
1496,1998-06-02 21:48:10,83
1497,1998-06-02 21:48:11,76
1498,1998-06-02 21:48:12,103
1499,1998-06-02 21:48:13,105
1500,1998-06-02 21:48:14,87
1501,1998-06-02 21:48:15,97
1502,1998-06-02 21:48:16,80
1503,1998-06-02 21:48:17,88
1504,1998-06-02 21:48:18,63
1505,1998-06-02 21:48:19,85
1506,1998-06-02 21:48:20,99
1507,1998-06-02 21:48:21,112
1508,1998-06-02 21:48:22,82
1509,1998-06-02 21:48:23,81
1510,1998-06-02 21:48:24,96
1511,1998-06-02 21:48:25,103
1512,1998-06-02 21:48:26,93
1513,1998-06-02 21:48:27,89
1514,1998-06-02 21:48:28,88
1515,1998-06-02 21:48:29,91
1516,1998-06-02 21:48:30,102
1517,1998-06-02 21:48:31,70
1518,1998-06-02 21:48:32,88
1519,1998-06-02 21:48:33,93
1520,1998-06-02 21:48:34,97
1521,1998-06-02 21:48:35,90
1522,1998-06-02 21:48:36,86
1523,1998-06-02 21:48:37,92
1524,1998-06-02 21:48:38,93
1525,1998-06-02 21:48:39,92
1526,1998-06-02 21:48:40,111
1527,1998-06-02 21:48:41,87
1528,1998-06-02 21:48:42,92
1529,1998-06-02 21:48:43,85
1530,1998-06-02 21:48:44,81
1531,1998-06-02 21:48:45,106
1532,1998-06-02 21:48:46,103
1533,1998-06-02 21:48:47,104
1534,1998-06-02 21:48:48,103
1535,1998-06-02 21:48:49,92
1536,1998-06-02 21:48:50,102
1537,1998-06-02 21:48:51,88
1538,1998-06-02 21:48:52,97
1539,1998-06-02 21:48:53,102
1540,1998-06-02 21:48:54,83
1541,1998-06-02 21:48:55,91
1542,1998-06-02 21:48:56,97
1543,1998-06-02 21:48:57,103
1544,1998-06-02 21:48:58,90
1545,1998-06-02 21:48:59,100
1546,1998-06-02 21:49:00,94
1547,1998-06-02 21:49:01,83
1548,1998-06-02 21:49:02,86
1549,1998-06-02 21:49:03,89
1550,1998-06-02 21:49:04,83
1551,1998-06-02 21:49:05,80
1552,1998-06-02 21:49:06,83
1553,1998-06-02 21:49:07,113
1554,1998-06-02 21:49:08,99
1555,1998-06-02 21:49:09,99
1556,1998-06-02 21:49:10,107
1557,1998-06-02 21:49:11,108
1558,1998-06-02 21:49:12,93
1559,1998-06-02 21:49:13,94
1560,1998-06-02 21:49:14,81
1561,1998-06-02 21:49:15,102
1562,1998-06-02 21:49:16,87
1563,1998-06-02 21:49:17,85
1564,1998-06-02 21:49:18,103
1565,1998-06-02 21:49:19,95
1566,1998-06-02 21:49:20,80
1567,1998-06-02 21:49:21,82
1568,1998-06-02 21:49:22,97
1569,1998-06-02 21:49:23,81
1570,1998-06-02 21:49:24,99
1571,1998-06-02 21:49:25,112
1572,1998-06-02 21:49:26,83
1573,1998-06-02 21:49:27,84
1574,1998-06-02 21:49:28,85
1575,1998-06-02 21:49:29,97
1576,1998-06-02 21:49:30,84
1577,1998-06-02 21:49:31,90
1578,1998-06-02 21:49:32,74
1579,1998-06-02 21:49:33,110
1580,1998-06-02 21:49:34,128
1581,1998-06-02 21:49:35,92
1582,1998-06-02 21:49:36,108
1583,1998-06-02 21:49:37,100
1584,1998-06-02 21:49:38,85
1585,1998-06-02 21:49:39,85
1586,1998-06-02 21:49:40,99
1587,1998-06-02 21:49:41,77
1588,1998-06-02 21:49:42,88
1589,1998-06-02 21:49:43,66
1590,1998-06-02 21:49:44,99
1591,1998-06-02 21:49:45,94
1592,1998-06-02 21:49:46,97
1593,1998-06-02 21:49:47,82
1594,1998-06-02 21:49:48,86
1595,1998-06-02 21:49:49,102
1596,1998-06-02 21:49:50,75
1597,1998-06-02 21:49:51,92
1598,1998-06-02 21:49:52,78
1599,1998-06-02 21:49:53,114
1600,1998-06-02 21:49:54,87
1601,1998-06-02 21:49:55,71
1602,1998-06-02 21:49:56,87
1603,1998-06-02 21:49:57,88
1604,1998-06-02 21:49:58,90
1605,1998-06-02 21:49:59,67
1606,1998-06-02 21:50:00,96
1607,1998-06-02 21:50:01,89
1608,1998-06-02 21:50:02,81
1609,1998-06-02 21:50:03,94
1610,1998-06-02 21:50:04,99
1611,1998-06-02 21:50:05,108
1612,1998-06-02 21:50:06,122
1613,1998-06-02 21:50:07,107
1614,1998-06-02 21:50:08,102
1615,1998-06-02 21:50:09,103
1616,1998-06-02 21:50:10,89
1617,1998-06-02 21:50:11,68
1618,1998-06-02 21:50:12,82
1619,1998-06-02 21:50:13,92
1620,1998-06-02 21:50:14,81
1621,1998-06-02 21:50:15,82
1622,1998-06-02 21:50:16,94
1623,1998-06-02 21:50:17,105
1624,1998-06-02 21:50:18,90
1625,1998-06-02 21:50:19,80
1626,1998-06-02 21:50:20,83
1627,1998-06-02 21:50:21,76
1628,1998-06-02 21:50:22,101
1629,1998-06-02 21:50:23,90
1630,1998-06-02 21:50:24,102
1631,1998-06-02 21:50:25,96
1632,1998-06-02 21:50:26,111
1633,1998-06-02 21:50:27,101
1634,1998-06-02 21:50:28,88
1635,1998-06-02 21:50:29,71
1636,1998-06-02 21:50:30,87
1637,1998-06-02 21:50:31,80
1638,1998-06-02 21:50:32,87
1639,1998-06-02 21:50:33,92
1640,1998-06-02 21:50:34,80
1641,1998-06-02 21:50:35,73
1642,1998-06-02 21:50:36,99
1643,1998-06-02 21:50:37,85
1644,1998-06-02 21:50:38,84
1645,1998-06-02 21:50:39,94
1646,1998-06-02 21:50:40,93
1647,1998-06-02 21:50:41,97
1648,1998-06-02 21:50:42,77
1649,1998-06-02 21:50:43,75
1650,1998-06-02 21:50:44,78
1651,1998-06-02 21:50:45,94
1652,1998-06-02 21:50:46,90
1653,1998-06-02 21:50:47,73
1654,1998-06-02 21:50:48,82
1655,1998-06-02 21:50:49,87
1656,1998-06-02 21:50:50,99
1657,1998-06-02 21:50:51,92
1658,1998-06-02 21:50:52,96
1659,1998-06-02 21:50:53,116
1660,1998-06-02 21:50:54,120
1661,1998-06-02 21:50:55,98
1662,1998-06-02 21:50:56,110
1663,1998-06-02 21:50:57,96
1664,1998-06-02 21:50:58,117
1665,1998-06-02 21:50:59,88
1666,1998-06-02 21:51:00,91
1667,1998-06-02 21:51:01,97
1668,1998-06-02 21:51:02,71
1669,1998-06-02 21:51:03,72
1670,1998-06-02 21:51:04,79
1671,1998-06-02 21:51:05,71
1672,1998-06-02 21:51:06,99
1673,1998-06-02 21:51:07,105
1674,1998-06-02 21:51:08,98
1675,1998-06-02 21:51:09,85
1676,1998-06-02 21:51:10,84
1677,1998-06-02 21:51:11,101
1678,1998-06-02 21:51:12,109
1679,1998-06-02 21:51:13,112
1680,1998-06-02 21:51:14,123
1681,1998-06-02 21:51:15,86
1682,1998-06-02 21:51:16,85
1683,1998-06-02 21:51:17,95
1684,1998-06-02 21:51:18,106
1685,1998-06-02 21:51:19,99
1686,1998-06-02 21:51:20,112
1687,1998-06-02 21:51:21,88
1688,1998-06-02 21:51:22,150
1689,1998-06-02 21:51:23,94
1690,1998-06-02 21:51:24,109
1691,1998-06-02 21:51:25,95
1692,1998-06-02 21:51:26,88
1693,1998-06-02 21:51:27,73
1694,1998-06-02 21:51:28,105
1695,1998-06-02 21:51:29,81
1696,1998-06-02 21:51:30,93
1697,1998-06-02 21:51:31,100
1698,1998-06-02 21:51:32,82
1699,1998-06-02 21:51:33,91
1700,1998-06-02 21:51:34,85
1701,1998-06-02 21:51:35,101
1702,1998-06-02 21:51:36,112
1703,1998-06-02 21:51:37,110
1704,1998-06-02 21:51:38,107
1705,1998-06-02 21:51:39,121
1706,1998-06-02 21:51:40,110
1707,1998-06-02 21:51:41,132
1708,1998-06-02 21:51:42,118
1709,1998-06-02 21:51:43,76
1710,1998-06-02 21:51:44,89
1711,1998-06-02 21:51:45,91
1712,1998-06-02 21:51:46,96
1713,1998-06-02 21:51:47,116
1714,1998-06-02 21:51:48,130
1715,1998-06-02 21:51:49,95
1716,1998-06-02 21:51:50,122
1717,1998-06-02 21:51:51,85
1718,1998-06-02 21:51:52,108
1719,1998-06-02 21:51:53,103
1720,1998-06-02 21:51:54,84
1721,1998-06-02 21:51:55,111
1722,1998-06-02 21:51:56,116
1723,1998-06-02 21:51:57,89
1724,1998-06-02 21:51:58,92
1725,1998-06-02 21:51:59,90
1726,1998-06-02 21:52:00,107
1727,1998-06-02 21:52:01,105
1728,1998-06-02 21:52:02,91
1729,1998-06-02 21:52:03,111
1730,1998-06-02 21:52:04,104
1731,1998-06-02 21:52:05,110
1732,1998-06-02 21:52:06,85
1733,1998-06-02 21:52:07,101
1734,1998-06-02 21:52:08,92
1735,1998-06-02 21:52:09,114
1736,1998-06-02 21:52:10,81
1737,1998-06-02 21:52:11,74
1738,1998-06-02 21:52:12,108
1739,1998-06-02 21:52:13,66
1740,1998-06-02 21:52:14,105
1741,1998-06-02 21:52:15,100
1742,1998-06-02 21:52:16,96
1743,1998-06-02 21:52:17,93
1744,1998-06-02 21:52:18,97
1745,1998-06-02 21:52:19,98
1746,1998-06-02 21:52:20,85
1747,1998-06-02 21:52:21,93
1748,1998-06-02 21:52:22,78
1749,1998-06-02 21:52:23,86
1750,1998-06-02 21:52:24,87
1751,1998-06-02 21:52:25,80
1752,1998-06-02 21:52:26,79
1753,1998-06-02 21:52:27,89
1754,1998-06-02 21:52:28,80
1755,1998-06-02 21:52:29,81
1756,1998-06-02 21:52:30,99
1757,1998-06-02 21:52:31,68
1758,1998-06-02 21:52:32,72
1759,1998-06-02 21:52:33,78
1760,1998-06-02 21:52:34,79
1761,1998-06-02 21:52:35,97
1762,1998-06-02 21:52:36,82
1763,1998-06-02 21:52:37,83
1764,1998-06-02 21:52:38,76
1765,1998-06-02 21:52:39,67
1766,1998-06-02 21:52:40,73
1767,1998-06-02 21:52:41,66
1768,1998-06-02 21:52:42,84
1769,1998-06-02 21:52:43,84
1770,1998-06-02 21:52:44,93
1771,1998-06-02 21:52:45,105
1772,1998-06-02 21:52:46,108
1773,1998-06-02 21:52:47,95
1774,1998-06-02 21:52:48,83
1775,1998-06-02 21:52:49,63
1776,1998-06-02 21:52:50,81
1777,1998-06-02 21:52:51,72
1778,1998-06-02 21:52:52,67
1779,1998-06-02 21:52:53,79
1780,1998-06-02 21:52:54,90
1781,1998-06-02 21:52:55,89
1782,1998-06-02 21:52:56,96
1783,1998-06-02 21:52:57,96
1784,1998-06-02 21:52:58,106
1785,1998-06-02 21:52:59,117
1786,1998-06-02 21:53:00,115
1787,1998-06-02 21:53:01,100
1788,1998-06-02 21:53:02,110
1789,1998-06-02 21:53:03,102
1790,1998-06-02 21:53:04,69
1791,1998-06-02 21:53:05,73
1792,1998-06-02 21:53:06,87
1793,1998-06-02 21:53:07,91
1794,1998-06-02 21:53:08,100
1795,1998-06-02 21:53:09,112
1796,1998-06-02 21:53:10,112
1797,1998-06-02 21:53:11,94
1798,1998-06-02 21:53:12,60
1799,1998-06-02 21:53:13,83
1800,1998-06-02 21:53:14,83
1801,1998-06-02 21:53:15,93
1802,1998-06-02 21:53:16,72
1803,1998-06-02 21:53:17,83
1804,1998-06-02 21:53:18,82
1805,1998-06-02 21:53:19,91
1806,1998-06-02 21:53:20,97
1807,1998-06-02 21:53:21,80
1808,1998-06-02 21:53:22,93
1809,1998-06-02 21:53:23,71
1810,1998-06-02 21:53:24,77
1811,1998-06-02 21:53:25,89
1812,1998-06-02 21:53:26,89
1813,1998-06-02 21:53:27,100
1814,1998-06-02 21:53:28,81
1815,1998-06-02 21:53:29,81
1816,1998-06-02 21:53:30,106
1817,1998-06-02 21:53:31,84
1818,1998-06-02 21:53:32,88
1819,1998-06-02 21:53:33,92
1820,1998-06-02 21:53:34,83
1821,1998-06-02 21:53:35,94
1822,1998-06-02 21:53:36,108
1823,1998-06-02 21:53:37,94
1824,1998-06-02 21:53:38,77
1825,1998-06-02 21:53:39,95
1826,1998-06-02 21:53:40,84
1827,1998-06-02 21:53:41,94
1828,1998-06-02 21:53:42,100
1829,1998-06-02 21:53:43,70
1830,1998-06-02 21:53:44,62
1831,1998-06-02 21:53:45,77
1832,1998-06-02 21:53:46,108
1833,1998-06-02 21:53:47,89
1834,1998-06-02 21:53:48,72
1835,1998-06-02 21:53:49,66
1836,1998-06-02 21:53:50,82
1837,1998-06-02 21:53:51,94
1838,1998-06-02 21:53:52,100
1839,1998-06-02 21:53:53,106
1840,1998-06-02 21:53:54,97
1841,1998-06-02 21:53:55,92
1842,1998-06-02 21:53:56,92
1843,1998-06-02 21:53:57,96
1844,1998-06-02 21:53:58,73
1845,1998-06-02 21:53:59,61
1846,1998-06-02 21:54:00,77
1847,1998-06-02 21:54:01,64
1848,1998-06-02 21:54:02,77
1849,1998-06-02 21:54:03,87
1850,1998-06-02 21:54:04,74
1851,1998-06-02 21:54:05,69
1852,1998-06-02 21:54:06,82
1853,1998-06-02 21:54:07,82
1854,1998-06-02 21:54:08,80
1855,1998-06-02 21:54:09,82
1856,1998-06-02 21:54:10,79
1857,1998-06-02 21:54:11,83
1858,1998-06-02 21:54:12,73
1859,1998-06-02 21:54:13,74
1860,1998-06-02 21:54:14,69
1861,1998-06-02 21:54:15,88
1862,1998-06-02 21:54:16,111
1863,1998-06-02 21:54:17,87
1864,1998-06-02 21:54:18,88
1865,1998-06-02 21:54:19,89
1866,1998-06-02 21:54:20,75
1867,1998-06-02 21:54:21,88
1868,1998-06-02 21:54:22,84
1869,1998-06-02 21:54:23,84
1870,1998-06-02 21:54:24,90
1871,1998-06-02 21:54:25,81
1872,1998-06-02 21:54:26,75
1873,1998-06-02 21:54:27,96
1874,1998-06-02 21:54:28,80
1875,1998-06-02 21:54:29,77
1876,1998-06-02 21:54:30,80
1877,1998-06-02 21:54:31,67
1878,1998-06-02 21:54:32,96
1879,1998-06-02 21:54:33,84
1880,1998-06-02 21:54:34,90
1881,1998-06-02 21:54:35,73
1882,1998-06-02 21:54:36,72
1883,1998-06-02 21:54:37,71
1884,1998-06-02 21:54:38,67
1885,1998-06-02 21:54:39,91
1886,1998-06-02 21:54:40,84
1887,1998-06-02 21:54:41,101
1888,1998-06-02 21:54:42,100
1889,1998-06-02 21:54:43,80
1890,1998-06-02 21:54:44,84
1891,1998-06-02 21:54:45,79
1892,1998-06-02 21:54:46,70
1893,1998-06-02 21:54:47,68
1894,1998-06-02 21:54:48,85
1895,1998-06-02 21:54:49,84
1896,1998-06-02 21:54:50,76
1897,1998-06-02 21:54:51,73
1898,1998-06-02 21:54:52,73
1899,1998-06-02 21:54:53,78
1900,1998-06-02 21:54:54,84
1901,1998-06-02 21:54:55,80
1902,1998-06-02 21:54:56,106
1903,1998-06-02 21:54:57,66
1904,1998-06-02 21:54:58,72
1905,1998-06-02 21:54:59,88
1906,1998-06-02 21:55:00,81
1907,1998-06-02 21:55:01,76
1908,1998-06-02 21:55:02,87
1909,1998-06-02 21:55:03,73
1910,1998-06-02 21:55:04,68
1911,1998-06-02 21:55:05,71
1912,1998-06-02 21:55:06,72
1913,1998-06-02 21:55:07,69
1914,1998-06-02 21:55:08,61
1915,1998-06-02 21:55:09,65
1916,1998-06-02 21:55:10,62
1917,1998-06-02 21:55:11,59
1918,1998-06-02 21:55:12,70
1919,1998-06-02 21:55:13,78
1920,1998-06-02 21:55:14,73
1921,1998-06-02 21:55:15,72
1922,1998-06-02 21:55:16,58
1923,1998-06-02 21:55:17,67
1924,1998-06-02 21:55:18,84
1925,1998-06-02 21:55:19,72
1926,1998-06-02 21:55:20,55
1927,1998-06-02 21:55:21,76
1928,1998-06-02 21:55:22,74
1929,1998-06-02 21:55:23,72
1930,1998-06-02 21:55:24,68
1931,1998-06-02 21:55:25,85
1932,1998-06-02 21:55:26,94
1933,1998-06-02 21:55:27,81
1934,1998-06-02 21:55:28,82
1935,1998-06-02 21:55:29,68
1936,1998-06-02 21:55:30,95
1937,1998-06-02 21:55:31,81
1938,1998-06-02 21:55:32,89
1939,1998-06-02 21:55:33,52
1940,1998-06-02 21:55:34,70
1941,1998-06-02 21:55:35,85
1942,1998-06-02 21:55:36,91
1943,1998-06-02 21:55:37,97
1944,1998-06-02 21:55:38,83
1945,1998-06-02 21:55:39,89
1946,1998-06-02 21:55:40,81
1947,1998-06-02 21:55:41,83
1948,1998-06-02 21:55:42,75
1949,1998-06-02 21:55:43,72
1950,1998-06-02 21:55:44,82
1951,1998-06-02 21:55:45,78
1952,1998-06-02 21:55:46,89
1953,1998-06-02 21:55:47,83
1954,1998-06-02 21:55:48,93
1955,1998-06-02 21:55:49,81
1956,1998-06-02 21:55:50,81
1957,1998-06-02 21:55:51,104
1958,1998-06-02 21:55:52,77
1959,1998-06-02 21:55:53,85
1960,1998-06-02 21:55:54,100
1961,1998-06-02 21:55:55,66
1962,1998-06-02 21:55:56,92
1963,1998-06-02 21:55:57,70
1964,1998-06-02 21:55:58,83
1965,1998-06-02 21:55:59,77
1966,1998-06-02 21:56:00,69
1967,1998-06-02 21:56:01,78
1968,1998-06-02 21:56:02,80
1969,1998-06-02 21:56:03,98
1970,1998-06-02 21:56:04,66
1971,1998-06-02 21:56:05,89
1972,1998-06-02 21:56:06,83
1973,1998-06-02 21:56:07,82
1974,1998-06-02 21:56:08,102
1975,1998-06-02 21:56:09,87
1976,1998-06-02 21:56:10,83
1977,1998-06-02 21:56:11,102
1978,1998-06-02 21:56:12,94
1979,1998-06-02 21:56:13,89
1980,1998-06-02 21:56:14,88
1981,1998-06-02 21:56:15,88
1982,1998-06-02 21:56:16,96
1983,1998-06-02 21:56:17,90
1984,1998-06-02 21:56:18,90
1985,1998-06-02 21:56:19,64
1986,1998-06-02 21:56:20,77
1987,1998-06-02 21:56:21,75
1988,1998-06-02 21:56:22,97
1989,1998-06-02 21:56:23,94
1990,1998-06-02 21:56:24,95
1991,1998-06-02 21:56:25,81
1992,1998-06-02 21:56:26,82
1993,1998-06-02 21:56:27,72
1994,1998-06-02 21:56:28,68
1995,1998-06-02 21:56:29,59
1996,1998-06-02 21:56:30,75
1997,1998-06-02 21:56:31,89
1998,1998-06-02 21:56:32,79
1999,1998-06-02 21:56:33,85
2000,1998-06-02 21:56:34,74
2001,1998-06-02 21:56:35,93
2002,1998-06-02 21:56:36,109
2003,1998-06-02 21:56:37,74
2004,1998-06-02 21:56:38,105
2005,1998-06-02 21:56:39,117
2006,1998-06-02 21:56:40,111
2007,1998-06-02 21:56:41,94
2008,1998-06-02 21:56:42,102
2009,1998-06-02 21:56:43,92
2010,1998-06-02 21:56:44,96
2011,1998-06-02 21:56:45,96
2012,1998-06-02 21:56:46,85
2013,1998-06-02 21:56:47,70
2014,1998-06-02 21:56:48,73
2015,1998-06-02 21:56:49,79
2016,1998-06-02 21:56:50,76
2017,1998-06-02 21:56:51,76
2018,1998-06-02 21:56:52,100
2019,1998-06-02 21:56:53,77
2020,1998-06-02 21:56:54,63
2021,1998-06-02 21:56:55,85
2022,1998-06-02 21:56:56,68
2023,1998-06-02 21:56:57,75
2024,1998-06-02 21:56:58,67
2025,1998-06-02 21:56:59,84
2026,1998-06-02 21:57:00,78
2027,1998-06-02 21:57:01,105
2028,1998-06-02 21:57:02,72
2029,1998-06-02 21:57:03,83
2030,1998-06-02 21:57:04,67
2031,1998-06-02 21:57:05,69
2032,1998-06-02 21:57:06,55
2033,1998-06-02 21:57:07,74
2034,1998-06-02 21:57:08,83
2035,1998-06-02 21:57:09,87
2036,1998-06-02 21:57:10,139
2037,1998-06-02 21:57:11,100
2038,1998-06-02 21:57:12,90
2039,1998-06-02 21:57:13,79
2040,1998-06-02 21:57:14,81
2041,1998-06-02 21:57:15,98
2042,1998-06-02 21:57:16,88
2043,1998-06-02 21:57:17,77
2044,1998-06-02 21:57:18,83
2045,1998-06-02 21:57:19,94
2046,1998-06-02 21:57:20,102
2047,1998-06-02 21:57:21,86
2048,1998-06-02 21:57:22,82
2049,1998-06-02 21:57:23,72
2050,1998-06-02 21:57:24,75
2051,1998-06-02 21:57:25,80
2052,1998-06-02 21:57:26,87
2053,1998-06-02 21:57:27,84
2054,1998-06-02 21:57:28,80
2055,1998-06-02 21:57:29,74
2056,1998-06-02 21:57:30,103
2057,1998-06-02 21:57:31,98
2058,1998-06-02 21:57:32,98
2059,1998-06-02 21:57:33,82
2060,1998-06-02 21:57:34,106
2061,1998-06-02 21:57:35,117
2062,1998-06-02 21:57:36,102
2063,1998-06-02 21:57:37,105
2064,1998-06-02 21:57:38,77
2065,1998-06-02 21:57:39,69
2066,1998-06-02 21:57:40,87
2067,1998-06-02 21:57:41,88
2068,1998-06-02 21:57:42,88
2069,1998-06-02 21:57:43,96
2070,1998-06-02 21:57:44,77
2071,1998-06-02 21:57:45,83
2072,1998-06-02 21:57:46,83
2073,1998-06-02 21:57:47,98
2074,1998-06-02 21:57:48,85
2075,1998-06-02 21:57:49,68
2076,1998-06-02 21:57:50,59
2077,1998-06-02 21:57:51,70
2078,1998-06-02 21:57:52,73
2079,1998-06-02 21:57:53,74
2080,1998-06-02 21:57:54,91
2081,1998-06-02 21:57:55,87
2082,1998-06-02 21:57:56,80
2083,1998-06-02 21:57:57,73
2084,1998-06-02 21:57:58,60
2085,1998-06-02 21:57:59,84
2086,1998-06-02 21:58:00,60
2087,1998-06-02 21:58:01,66
2088,1998-06-02 21:58:02,76
2089,1998-06-02 21:58:03,86
2090,1998-06-02 21:58:04,84
2091,1998-06-02 21:58:05,66
2092,1998-06-02 21:58:06,78
2093,1998-06-02 21:58:07,87
2094,1998-06-02 21:58:08,81
2095,1998-06-02 21:58:09,103
2096,1998-06-02 21:58:10,92
2097,1998-06-02 21:58:11,90
2098,1998-06-02 21:58:12,88
2099,1998-06-02 21:58:13,73
2100,1998-06-02 21:58:14,69
2101,1998-06-02 21:58:15,58
2102,1998-06-02 21:58:16,73
2103,1998-06-02 21:58:17,65
2104,1998-06-02 21:58:18,62
2105,1998-06-02 21:58:19,59
2106,1998-06-02 21:58:20,87
2107,1998-06-02 21:58:21,64
2108,1998-06-02 21:58:22,72
2109,1998-06-02 21:58:23,57
2110,1998-06-02 21:58:24,69
2111,1998-06-02 21:58:25,60
2112,1998-06-02 21:58:26,77
2113,1998-06-02 21:58:27,63
2114,1998-06-02 21:58:28,71
2115,1998-06-02 21:58:29,77
2116,1998-06-02 21:58:30,90
2117,1998-06-02 21:58:31,95
2118,1998-06-02 21:58:32,84
2119,1998-06-02 21:58:33,72
2120,1998-06-02 21:58:34,70
2121,1998-06-02 21:58:35,76
2122,1998-06-02 21:58:36,62
2123,1998-06-02 21:58:37,88
2124,1998-06-02 21:58:38,94
2125,1998-06-02 21:58:39,74
2126,1998-06-02 21:58:40,70
2127,1998-06-02 21:58:41,66
2128,1998-06-02 21:58:42,76
2129,1998-06-02 21:58:43,50
2130,1998-06-02 21:58:44,82
2131,1998-06-02 21:58:45,66
2132,1998-06-02 21:58:46,87
2133,1998-06-02 21:58:47,72
2134,1998-06-02 21:58:48,61
2135,1998-06-02 21:58:49,55
2136,1998-06-02 21:58:50,79
2137,1998-06-02 21:58:51,73
2138,1998-06-02 21:58:52,54
2139,1998-06-02 21:58:53,63
2140,1998-06-02 21:58:54,79
2141,1998-06-02 21:58:55,70
2142,1998-06-02 21:58:56,92
2143,1998-06-02 21:58:57,102
2144,1998-06-02 21:58:58,96
2145,1998-06-02 21:58:59,70
2146,1998-06-02 21:59:00,63
2147,1998-06-02 21:59:01,71
2148,1998-06-02 21:59:02,92
2149,1998-06-02 21:59:03,85
2150,1998-06-02 21:59:04,70
2151,1998-06-02 21:59:05,99
2152,1998-06-02 21:59:06,82
2153,1998-06-02 21:59:07,72
2154,1998-06-02 21:59:08,97
2155,1998-06-02 21:59:09,87
2156,1998-06-02 21:59:10,66
2157,1998-06-02 21:59:11,68
2158,1998-06-02 21:59:12,94
2159,1998-06-02 21:59:13,97
2160,1998-06-02 21:59:14,65
2161,1998-06-02 21:59:15,77
2162,1998-06-02 21:59:16,87
2163,1998-06-02 21:59:17,113
2164,1998-06-02 21:59:18,73
2165,1998-06-02 21:59:19,75
2166,1998-06-02 21:59:20,74
2167,1998-06-02 21:59:21,81
2168,1998-06-02 21:59:22,83
2169,1998-06-02 21:59:23,85
2170,1998-06-02 21:59:24,89
2171,1998-06-02 21:59:25,80
2172,1998-06-02 21:59:26,68
2173,1998-06-02 21:59:27,85
2174,1998-06-02 21:59:28,84
2175,1998-06-02 21:59:29,108
2176,1998-06-02 21:59:30,86
2177,1998-06-02 21:59:31,73
2178,1998-06-02 21:59:32,70
2179,1998-06-02 21:59:33,63
2180,1998-06-02 21:59:34,60
2181,1998-06-02 21:59:35,76
2182,1998-06-02 21:59:36,93
2183,1998-06-02 21:59:37,61
2184,1998-06-02 21:59:38,78
2185,1998-06-02 21:59:39,75
2186,1998-06-02 21:59:40,83
2187,1998-06-02 21:59:41,87
2188,1998-06-02 21:59:42,81
2189,1998-06-02 21:59:43,74
2190,1998-06-02 21:59:44,111
2191,1998-06-02 21:59:45,104
2192,1998-06-02 21:59:46,92
2193,1998-06-02 21:59:47,98
2194,1998-06-02 21:59:48,67
2195,1998-06-02 21:59:49,80
2196,1998-06-02 21:59:50,81
2197,1998-06-02 21:59:51,67
2198,1998-06-02 21:59:52,71
2199,1998-06-02 21:59:53,78
2200,1998-06-02 21:59:54,78
2201,1998-06-02 21:59:55,59
2202,1998-06-02 21:59:56,15
2203,1998-06-02 21:59:57,6
2204,1998-06-02 21:59:58,10
2205,1998-06-02 21:59:59,11
2206,1998-06-02 22:00:00,13
